ID задачи;Название;Область;Число навыков;Навыки;Длительность от, мин;Длительность до, мин
T0001;Установка электрощитка;Электромонтаж;2;Электромонтаж, Монтаж;40;80
T0002;Сборка щита учёта;Электромонтаж;2;Электромонтаж, Измерения;40;80
T0003;Замена автоматов в этажном щите;Электромонтаж;1;Электромонтаж;20;45
T0004;Монтаж ВРУ в помещении ввода;Электромонтаж;3;Электромонтаж, Электробезопасность, Монтаж;70;120
T0005;Проверка изоляции линий щита;Электромонтаж;2;Электромонтаж, Измерения;40;80
T0006;Подключение трёхфазного ввода;Электромонтаж;2;Электромонтаж, Электробезопасность;40;80
T0007;Установка: электрощиток;Электромонтаж;1;Электромонтаж;20;45
T0008;Сборка: электрощиток;Электромонтаж;2;Электромонтаж, Монтаж;40;80
T0009;Ревизия: электрощиток;Электромонтаж;3;Электромонтаж, Монтаж, Электробезопасность;70;120
T0010;Замена автоматов в: электрощиток;Электромонтаж;1;Электромонтаж;20;45
T0011;Подключение: электрощиток;Электромонтаж;2;Электромонтаж, Монтаж;40;80
T0012;Демонтаж: электрощиток;Электромонтаж;3;Электромонтаж, Демонтаж, Электробезопасность;70;120
T0013;Установка: щит учёта;Электромонтаж;1;Электромонтаж;20;45
T0014;Сборка: щит учёта;Электромонтаж;2;Электромонтаж, Монтаж;40;80
T0015;Ревизия: щит учёта;Электромонтаж;3;Электромонтаж, Монтаж, Электробезопасность;70;120
T0016;Замена автоматов в: щит учёта;Электромонтаж;1;Электромонтаж;20;45
T0017;Подключение: щит учёта;Электромонтаж;2;Электромонтаж, Монтаж;40;80
T0018;Демонтаж: щит учёта;Электромонтаж;3;Электромонтаж, Демонтаж, Электробезопасность;70;120
T0019;Установка: ВРУ;Электромонтаж;1;Электромонтаж;20;45
T0020;Сборка: ВРУ;Электромонтаж;2;Электромонтаж, Монтаж;40;80
T0021;Ревизия: ВРУ;Электромонтаж;3;Электромонтаж, Монтаж, Электробезопасность;70;120
T0022;Замена автоматов в: ВРУ;Электромонтаж;1;Электромонтаж;20;45
T0023;Подключение: ВРУ;Электромонтаж;2;Электромонтаж, Монтаж;40;80
T0024;Демонтаж: ВРУ;Электромонтаж;3;Электромонтаж, Демонтаж, Электробезопасность;70;120
T0025;Установка: щит освещения;Электромонтаж;1;Электромонтаж;20;45
T0026;Сборка: щит освещения;Электромонтаж;2;Электромонтаж, Монтаж;40;80
T0027;Ревизия: щит освещения;Электромонтаж;3;Электромонтаж, Монтаж, Электробезопасность;70;120
T0028;Замена автоматов в: щит освещения;Электромонтаж;1;Электромонтаж;20;45
T0029;Подключение: щит освещения;Электромонтаж;2;Электромонтаж, Монтаж;40;80
T0030;Демонтаж: щит освещения;Электромонтаж;3;Электромонтаж, Демонтаж, Электробезопасность;70;120
T0031;Установка: этажный щит;Электромонтаж;1;Электромонтаж;20;45
T0032;Сборка: этажный щит;Электромонтаж;2;Электромонтаж, Монтаж;40;80
T0033;Ревизия: этажный щит;Электромонтаж;3;Электромонтаж, Монтаж, Электробезопасность;70;120
T0034;Замена автоматов в: этажный щит;Электромонтаж;1;Электромонтаж;20;45
T0035;Подключение: этажный щит;Электромонтаж;2;Электромонтаж, Монтаж;40;80
T0036;Демонтаж: этажный щит;Электромонтаж;3;Электромонтаж, Демонтаж, Электробезопасность;70;120
T0037;Установка: щит серверной;Электромонтаж;1;Электромонтаж;20;45
T0038;Сборка: щит серверной;Электромонтаж;2;Электромонтаж, Монтаж;40;80
T0039;Ревизия: щит серверной;Электромонтаж;3;Электромонтаж, Монтаж, Электробезопасность;70;120
T0040;Замена автоматов в: щит серверной;Электромонтаж;1;Электромонтаж;20;45
T0041;Подключение: щит серверной;Электромонтаж;2;Электромонтаж, Монтаж;40;80
T0042;Демонтаж: щит серверной;Электромонтаж;3;Электромонтаж, Демонтаж, Электробезопасность;70;120
T0043;Установка: бокс на фасаде;Электромонтаж;1;Электромонтаж;20;45
T0044;Сборка: бокс на фасаде;Электромонтаж;2;Электромонтаж, Монтаж;40;80
T0045;Ревизия: бокс на фасаде;Электромонтаж;3;Электромонтаж, Монтаж, Работа на высоте;70;120
T0046;Замена автоматов в: бокс на фасаде;Электромонтаж;1;Электромонтаж;20;45
T0047;Подключение: бокс на фасаде;Электромонтаж;2;Электромонтаж, Монтаж;40;80
T0048;Демонтаж: бокс на фасаде;Электромонтаж;3;Электромонтаж, Демонтаж, Работа на высоте;70;120
T0049;Установка: щит вентиляции;Электромонтаж;1;Электромонтаж;20;45
T0050;Сборка: щит вентиляции;Электромонтаж;2;Электромонтаж, Монтаж;40;80
T0051;Ревизия: щит вентиляции;Электромонтаж;3;Электромонтаж, Монтаж, Электробезопасность;70;120
T0052;Замена автоматов в: щит вентиляции;Электромонтаж;1;Электромонтаж;20;45
T0053;Подключение: щит вентиляции;Электромонтаж;2;Электромонтаж, Монтаж;40;80
T0054;Демонтаж: щит вентиляции;Электромонтаж;3;Электромонтаж, Демонтаж, Электробезопасность;70;120
T0055;Сварка муфты на магистрали;Оптика и GPON;2;Оптика, Работа в колодце;40;80
T0056;Установка терминала у клиента;Оптика и GPON;2;Оптика, Абонентское оборудование;40;80
T0057;Разварка кросса в серверной;Оптика и GPON;3;Оптика, Монтаж, Документирование;70;120
T0058;Рефлектометрия участка линии;Оптика и GPON;2;Оптика, Измерения;40;80
T0059;Прокладка оптики в квартиру;Оптика и GPON;2;Оптика, Монтаж;40;80
T0060;Пусконаладка порта на станции;Оптика и GPON;2;Оптика, Пусконаладка;40;80
T0061;Монтаж: оптическая муфта;Оптика и GPON;1;Оптика;20;45
T0062;Сварка на: оптическая муфта;Оптика и GPON;2;Оптика, Монтаж;40;80
T0063;Измерение: оптическая муфта;Оптика и GPON;3;Оптика, Измерения, Документирование;70;120
T0064;Замена: оптическая муфта;Оптика и GPON;1;Оптика;20;45
T0065;Чистка портов: оптическая муфта;Оптика и GPON;2;Оптика, Монтаж;40;80
T0066;Демонтаж: оптическая муфта;Оптика и GPON;3;Оптика, Демонтаж, Документирование;70;120
T0067;Монтаж: кросс в серверной;Оптика и GPON;1;Оптика;20;45
T0068;Сварка на: кросс в серверной;Оптика и GPON;2;Оптика, Монтаж;40;80
T0069;Измерение: кросс в серверной;Оптика и GPON;3;Оптика, Измерения, Документирование;70;120
T0070;Замена: кросс в серверной;Оптика и GPON;1;Оптика;20;45
T0071;Чистка портов: кросс в серверной;Оптика и GPON;2;Оптика, Монтаж;40;80
T0072;Демонтаж: кросс в серверной;Оптика и GPON;3;Оптика, Демонтаж, Документирование;70;120
T0073;Монтаж: абонентский терминал;Оптика и GPON;1;Оптика;20;45
T0074;Сварка на: абонентский терминал;Оптика и GPON;2;Оптика, Монтаж;40;80
T0075;Измерение: абонентский терминал;Оптика и GPON;3;Оптика, Измерения, Документирование;70;120
T0076;Замена: абонентский терминал;Оптика и GPON;1;Оптика;20;45
T0077;Чистка портов: абонентский терминал;Оптика и GPON;2;Оптика, Монтаж;40;80
T0078;Демонтаж: абонентский терминал;Оптика и GPON;3;Оптика, Демонтаж, Документирование;70;120
T0079;Монтаж: оптический кабель в канализации;Оптика и GPON;1;Оптика;20;45
T0080;Сварка на: оптический кабель в канализации;Оптика и GPON;2;Оптика, Монтаж;40;80
T0081;Измерение: оптический кабель в канализации;Оптика и GPON;3;Оптика, Измерения, Документирование;70;120
T0082;Замена: оптический кабель в канализации;Оптика и GPON;1;Оптика;20;45
T0083;Чистка портов: оптический кабель в канализации;Оптика и GPON;2;Оптика, Монтаж;40;80
T0084;Демонтаж: оптический кабель в канализации;Оптика и GPON;3;Оптика, Демонтаж, Документирование;70;120
T0085;Монтаж: кабель до квартиры;Оптика и GPON;1;Оптика;20;45
T0086;Сварка на: кабель до квартиры;Оптика и GPON;2;Оптика, Монтаж;40;80
T0087;Измерение: кабель до квартиры;Оптика и GPON;3;Оптика, Измерения, Документирование;70;120
T0088;Замена: кабель до квартиры;Оптика и GPON;1;Оптика;20;45
T0089;Чистка портов: кабель до квартиры;Оптика и GPON;2;Оптика, Монтаж;40;80
T0090;Демонтаж: кабель до квартиры;Оптика и GPON;3;Оптика, Демонтаж, Документирование;70;120
T0091;Монтаж: оптический бокс в подъезде;Оптика и GPON;1;Оптика;20;45
T0092;Сварка на: оптический бокс в подъезде;Оптика и GPON;2;Оптика, Монтаж;40;80
T0093;Измерение: оптический бокс в подъезде;Оптика и GPON;3;Оптика, Измерения, Документирование;70;120
T0094;Замена: оптический бокс в подъезде;Оптика и GPON;1;Оптика;20;45
T0095;Чистка портов: оптический бокс в подъезде;Оптика и GPON;2;Оптика, Монтаж;40;80
T0096;Демонтаж: оптический бокс в подъезде;Оптика и GPON;3;Оптика, Демонтаж, Документирование;70;120
T0097;Монтаж: делитель на этаже;Оптика и GPON;1;Оптика;20;45
T0098;Сварка на: делитель на этаже;Оптика и GPON;2;Оптика, Монтаж;40;80
T0099;Измерение: делитель на этаже;Оптика и GPON;3;Оптика, Измерения, Документирование;70;120
T0100;Замена: делитель на этаже;Оптика и GPON;1;Оптика;20;45
T0101;Чистка портов: делитель на этаже;Оптика и GPON;2;Оптика, Монтаж;40;80
T0102;Демонтаж: делитель на этаже;Оптика и GPON;3;Оптика, Демонтаж, Документирование;70;120
T0103;Монтаж: кросс в стойке оператора;Оптика и GPON;1;Оптика;20;45
T0104;Сварка на: кросс в стойке оператора;Оптика и GPON;2;Оптика, Монтаж;40;80
T0105;Измерение: кросс в стойке оператора;Оптика и GPON;3;Оптика, Измерения, Документирование;70;120
T0106;Замена: кросс в стойке оператора;Оптика и GPON;1;Оптика;20;45
T0107;Чистка портов: кросс в стойке оператора;Оптика и GPON;2;Оптика, Монтаж;40;80
T0108;Демонтаж: кросс в стойке оператора;Оптика и GPON;3;Оптика, Демонтаж, Документирование;70;120
T0109;Кроссировка новой линии;Медь и xDSL;1;Медная линия;20;45
T0110;Поиск обрыва медной пары;Медь и xDSL;2;Медная линия, Диагностика;40;80
T0111;Подключение модема у клиента;Медь и xDSL;2;Медная линия, Абонентское оборудование;40;80
T0112;Разделка кабеля в боксе;Медь и xDSL;2;Медная линия, Монтаж;40;80
T0113;Кроссировка: кросс медный;Медь и xDSL;1;Медная линия;20;45
T0114;Разделка: кросс медный;Медь и xDSL;2;Медная линия, Монтаж;40;80
T0115;Измерение: кросс медный;Медь и xDSL;3;Медная линия, Измерения, Документирование;70;120
T0116;Замена: кросс медный;Медь и xDSL;1;Медная линия;20;45
T0117;Прозвонка: кросс медный;Медь и xDSL;2;Медная линия, Диагностика;40;80
T0118;Монтаж: кросс медный;Медь и xDSL;3;Медная линия, Монтаж, Документирование;70;120
T0119;Кроссировка: кабель в подъезде;Медь и xDSL;1;Медная линия;20;45
T0120;Разделка: кабель в подъезде;Медь и xDSL;2;Медная линия, Монтаж;40;80
T0121;Измерение: кабель в подъезде;Медь и xDSL;3;Медная линия, Измерения, Документирование;70;120
T0122;Замена: кабель в подъезде;Медь и xDSL;1;Медная линия;20;45
T0123;Прозвонка: кабель в подъезде;Медь и xDSL;2;Медная линия, Диагностика;40;80
T0124;Монтаж: кабель в подъезде;Медь и xDSL;3;Медная линия, Монтаж, Документирование;70;120
T0125;Кроссировка: бокс связи;Медь и xDSL;1;Медная линия;20;45
T0126;Разделка: бокс связи;Медь и xDSL;2;Медная линия, Монтаж;40;80
T0127;Измерение: бокс связи;Медь и xDSL;3;Медная линия, Измерения, Документирование;70;120
T0128;Замена: бокс связи;Медь и xDSL;1;Медная линия;20;45
T0129;Прозвонка: бокс связи;Медь и xDSL;2;Медная линия, Диагностика;40;80
T0130;Монтаж: бокс связи;Медь и xDSL;3;Медная линия, Монтаж, Документирование;70;120
T0131;Кроссировка: абонентская линия;Медь и xDSL;1;Медная линия;20;45
T0132;Разделка: абонентская линия;Медь и xDSL;2;Медная линия, Монтаж;40;80
T0133;Измерение: абонентская линия;Медь и xDSL;3;Медная линия, Измерения, Документирование;70;120
T0134;Замена: абонентская линия;Медь и xDSL;1;Медная линия;20;45
T0135;Прозвонка: абонентская линия;Медь и xDSL;2;Медная линия, Диагностика;40;80
T0136;Монтаж: абонентская линия;Медь и xDSL;3;Медная линия, Монтаж, Документирование;70;120
T0137;Кроссировка: распредкоробка;Медь и xDSL;1;Медная линия;20;45
T0138;Разделка: распредкоробка;Медь и xDSL;2;Медная линия, Монтаж;40;80
T0139;Измерение: распредкоробка;Медь и xDSL;3;Медная линия, Измерения, Документирование;70;120
T0140;Замена: распредкоробка;Медь и xDSL;1;Медная линия;20;45
T0141;Прозвонка: распредкоробка;Медь и xDSL;2;Медная линия, Диагностика;40;80
T0142;Монтаж: распредкоробка;Медь и xDSL;3;Медная линия, Монтаж, Документирование;70;120
T0143;Кроссировка: щиток связи;Медь и xDSL;1;Медная линия;20;45
T0144;Разделка: щиток связи;Медь и xDSL;2;Медная линия, Монтаж;40;80
T0145;Измерение: щиток связи;Медь и xDSL;3;Медная линия, Измерения, Электробезопасность;70;120
T0146;Замена: щиток связи;Медь и xDSL;1;Медная линия;20;45
T0147;Прозвонка: щиток связи;Медь и xDSL;2;Медная линия, Диагностика;40;80
T0148;Монтаж: щиток связи;Медь и xDSL;3;Медная линия, Монтаж, Электробезопасность;70;120
T0149;Прокладка СКС в офисе;СКС и ЛВС;2;СКС, Монтаж;40;80
T0150;Обжим розетки рабочего места;СКС и ЛВС;1;СКС;20;45
T0151;Монтаж патч-панели в шкафу;СКС и ЛВС;2;СКС, Оборудование стоек;40;80
T0152;Сертификация линии;СКС и ЛВС;3;СКС, Измерения, Документирование;70;120
T0153;Прокладка: кабель витая пара;СКС и ЛВС;1;СКС;20;45
T0154;Обжим: кабель витая пара;СКС и ЛВС;2;СКС, Монтаж;40;80
T0155;Монтаж: кабель витая пара;СКС и ЛВС;3;СКС, Монтаж, Документирование;70;120
T0156;Тестирование: кабель витая пара;СКС и ЛВС;1;СКС;20;45
T0157;Маркировка: кабель витая пара;СКС и ЛВС;2;СКС, Документирование;40;80
T0158;Замена: кабель витая пара;СКС и ЛВС;3;СКС, Монтаж, Документирование;70;120
T0159;Прокладка: патч-панель;СКС и ЛВС;1;СКС;20;45
T0160;Обжим: патч-панель;СКС и ЛВС;2;СКС, Монтаж;40;80
T0161;Монтаж: патч-панель;СКС и ЛВС;3;СКС, Монтаж, Документирование;70;120
T0162;Тестирование: патч-панель;СКС и ЛВС;1;СКС;20;45
T0163;Маркировка: патч-панель;СКС и ЛВС;2;СКС, Документирование;40;80
T0164;Замена: патч-панель;СКС и ЛВС;3;СКС, Монтаж, Документирование;70;120
T0165;Прокладка: розетка рабочего места;СКС и ЛВС;1;СКС;20;45
T0166;Обжим: розетка рабочего места;СКС и ЛВС;2;СКС, Монтаж;40;80
T0167;Монтаж: розетка рабочего места;СКС и ЛВС;3;СКС, Монтаж, Документирование;70;120
T0168;Тестирование: розетка рабочего места;СКС и ЛВС;1;СКС;20;45
T0169;Маркировка: розетка рабочего места;СКС и ЛВС;2;СКС, Документирование;40;80
T0170;Замена: розетка рабочего места;СКС и ЛВС;3;СКС, Монтаж, Документирование;70;120
T0171;Прокладка: шкаф 19 дюймов;СКС и ЛВС;1;СКС;20;45
T0172;Обжим: шкаф 19 дюймов;СКС и ЛВС;2;СКС, Монтаж;40;80
T0173;Монтаж: шкаф 19 дюймов;СКС и ЛВС;3;СКС, Монтаж, Документирование;70;120
T0174;Тестирование: шкаф 19 дюймов;СКС и ЛВС;1;СКС;20;45
T0175;Маркировка: шкаф 19 дюймов;СКС и ЛВС;2;СКС, Документирование;40;80
T0176;Замена: шкаф 19 дюймов;СКС и ЛВС;3;СКС, Монтаж, Документирование;70;120
T0177;Прокладка: кабель-канал;СКС и ЛВС;1;СКС;20;45
T0178;Обжим: кабель-канал;СКС и ЛВС;2;СКС, Монтаж;40;80
T0179;Монтаж: кабель-канал;СКС и ЛВС;3;СКС, Монтаж, Документирование;70;120
T0180;Тестирование: кабель-канал;СКС и ЛВС;1;СКС;20;45
T0181;Маркировка: кабель-канал;СКС и ЛВС;2;СКС, Документирование;40;80
T0182;Замена: кабель-канал;СКС и ЛВС;3;СКС, Монтаж, Документирование;70;120
T0183;Прокладка: потолочный лоток;СКС и ЛВС;1;СКС;20;45
T0184;Обжим: потолочный лоток;СКС и ЛВС;2;СКС, Монтаж;40;80
T0185;Монтаж: потолочный лоток;СКС и ЛВС;3;СКС, Монтаж, Документирование;70;120
T0186;Тестирование: потолочный лоток;СКС и ЛВС;1;СКС;20;45
T0187;Маркировка: потолочный лоток;СКС и ЛВС;2;СКС, Документирование;40;80
T0188;Замена: потолочный лоток;СКС и ЛВС;3;СКС, Монтаж, Документирование;70;120
T0189;Установка потолочной точки доступа;Wi-Fi;2;Wi-Fi, Монтаж;40;80
T0190;Настройка корпоративной сети Wi-Fi;Wi-Fi;2;Wi-Fi, Пусконаладка;40;80
T0191;Обследование покрытия офиса;Wi-Fi;2;Wi-Fi, Измерения;40;80
T0192;Подключение точки к контроллеру;Wi-Fi;2;Wi-Fi, Пусконаладка;40;80
T0193;Монтаж: точка доступа потолочная;Wi-Fi;1;Wi-Fi;20;45
T0194;Настройка: точка доступа потолочная;Wi-Fi;2;Wi-Fi, Пусконаладка;40;80
T0195;Замена: точка доступа потолочная;Wi-Fi;3;Wi-Fi, Монтаж, Документирование;70;120
T0196;Обследование: точка доступа потолочная;Wi-Fi;1;Wi-Fi;20;45
T0197;Обновление ПО: точка доступа потолочная;Wi-Fi;2;Wi-Fi, Пусконаладка;40;80
T0198;Монтаж: точка доступа уличная;Wi-Fi;3;Wi-Fi, Монтаж, Работа на высоте;70;120
T0199;Настройка: точка доступа уличная;Wi-Fi;1;Wi-Fi;20;45
T0200;Замена: точка доступа уличная;Wi-Fi;2;Wi-Fi, Монтаж;40;80
T0201;Обследование: точка доступа уличная;Wi-Fi;3;Wi-Fi, Диагностика, Работа на высоте;70;120
T0202;Обновление ПО: точка доступа уличная;Wi-Fi;1;Wi-Fi;20;45
T0203;Монтаж: контроллер беспроводной сети;Wi-Fi;2;Wi-Fi, Монтаж;40;80
T0204;Настройка: контроллер беспроводной сети;Wi-Fi;3;Wi-Fi, Пусконаладка, Документирование;70;120
T0205;Замена: контроллер беспроводной сети;Wi-Fi;1;Wi-Fi;20;45
T0206;Обследование: контроллер беспроводной сети;Wi-Fi;2;Wi-Fi, Диагностика;40;80
T0207;Обновление ПО: контроллер беспроводной сети;Wi-Fi;3;Wi-Fi, Пусконаладка, Документирование;70;120
T0208;Монтаж: антенна точки доступа;Wi-Fi;1;Wi-Fi;20;45
T0209;Настройка: антенна точки доступа;Wi-Fi;2;Wi-Fi, Пусконаладка;40;80
T0210;Замена: антенна точки доступа;Wi-Fi;3;Wi-Fi, Монтаж, Работа на высоте;70;120
T0211;Обследование: антенна точки доступа;Wi-Fi;1;Wi-Fi;20;45
T0212;Обновление ПО: антенна точки доступа;Wi-Fi;2;Wi-Fi, Пусконаладка;40;80
T0213;Монтаж: меш-узел;Wi-Fi;3;Wi-Fi, Монтаж, Документирование;70;120
T0214;Настройка: меш-узел;Wi-Fi;1;Wi-Fi;20;45
T0215;Замена: меш-узел;Wi-Fi;2;Wi-Fi, Монтаж;40;80
T0216;Обследование: меш-узел;Wi-Fi;3;Wi-Fi, Диагностика, Документирование;70;120
T0217;Обновление ПО: меш-узел;Wi-Fi;1;Wi-Fi;20;45
T0218;Подключение VPN до головного офиса;Маршрутизация и VPN;2;Маршрутизация, Пусконаладка;40;80
T0219;Настройка маршрутизатора на площадке;Маршрутизация и VPN;1;Маршрутизация;20;45
T0220;Диагностика обрыва VPN;Маршрутизация и VPN;2;Маршрутизация, Диагностика;40;80
T0221;Настройка сети офиса;Маршрутизация и VPN;3;Маршрутизация, Пусконаладка, Документирование;70;120
T0222;Настройка: маршрутизатор площадки;Маршрутизация и VPN;1;Маршрутизация;20;45
T0223;Диагностика: маршрутизатор площадки;Маршрутизация и VPN;2;Маршрутизация, Диагностика;40;80
T0224;Замена: маршрутизатор площадки;Маршрутизация и VPN;3;Маршрутизация, Монтаж, Документирование;70;120
T0225;Обновление ПО: маршрутизатор площадки;Маршрутизация и VPN;1;Маршрутизация;20;45
T0226;Резервирование: маршрутизатор площадки;Маршрутизация и VPN;2;Маршрутизация, Пусконаладка;40;80
T0227;Настройка: межсетевой экран;Маршрутизация и VPN;3;Маршрутизация, Пусконаладка, Документирование;70;120
T0228;Диагностика: межсетевой экран;Маршрутизация и VPN;1;Маршрутизация;20;45
T0229;Замена: межсетевой экран;Маршрутизация и VPN;2;Маршрутизация, Монтаж;40;80
T0230;Обновление ПО: межсетевой экран;Маршрутизация и VPN;3;Маршрутизация, Пусконаладка, Документирование;70;120
T0231;Резервирование: межсетевой экран;Маршрутизация и VPN;1;Маршрутизация;20;45
T0232;Настройка: канал VPN до офиса;Маршрутизация и VPN;2;Маршрутизация, Пусконаладка;40;80
T0233;Диагностика: канал VPN до офиса;Маршрутизация и VPN;3;Маршрутизация, Диагностика, Документирование;70;120
T0234;Замена: канал VPN до офиса;Маршрутизация и VPN;1;Маршрутизация;20;45
T0235;Обновление ПО: канал VPN до офиса;Маршрутизация и VPN;2;Маршрутизация, Пусконаладка;40;80
T0236;Резервирование: канал VPN до офиса;Маршрутизация и VPN;3;Маршрутизация, Пусконаладка, Документирование;70;120
T0237;Настройка: канал до ЦОД;Маршрутизация и VPN;1;Маршрутизация;20;45
T0238;Диагностика: канал до ЦОД;Маршрутизация и VPN;2;Маршрутизация, Диагностика;40;80
T0239;Замена: канал до ЦОД;Маршрутизация и VPN;3;Маршрутизация, Монтаж, Документирование;70;120
T0240;Обновление ПО: канал до ЦОД;Маршрутизация и VPN;1;Маршрутизация;20;45
T0241;Резервирование: канал до ЦОД;Маршрутизация и VPN;2;Маршрутизация, Пусконаладка;40;80
T0242;Настройка: абонентский шлюз;Маршрутизация и VPN;3;Маршрутизация, Пусконаладка, Документирование;70;120
T0243;Диагностика: абонентский шлюз;Маршрутизация и VPN;1;Маршрутизация;20;45
T0244;Замена: абонентский шлюз;Маршрутизация и VPN;2;Маршрутизация, Монтаж;40;80
T0245;Обновление ПО: абонентский шлюз;Маршрутизация и VPN;3;Маршрутизация, Пусконаладка, Документирование;70;120
T0246;Резервирование: абонентский шлюз;Маршрутизация и VPN;1;Маршрутизация;20;45
T0247;Настройка сети на коммутаторе этажа;Коммутация;2;Коммутация, Пусконаладка;40;80
T0248;Замена оптического модуля;Коммутация;1;Коммутация;20;45
T0249;Устранение петли в сети;Коммутация;2;Коммутация, Диагностика;40;80
T0250;Включение питания точек доступа на портах;Коммутация;2;Коммутация, Wi-Fi;40;80
T0251;Настройка: коммутатор доступа;Коммутация;1;Коммутация;20;45
T0252;Замена: коммутатор доступа;Коммутация;2;Коммутация, Монтаж;40;80
T0253;Диагностика: коммутатор доступа;Коммутация;3;Коммутация, Диагностика, Документирование;70;120
T0254;Обновление ПО: коммутатор доступа;Коммутация;1;Коммутация;20;45
T0255;Маркировка: коммутатор доступа;Коммутация;2;Коммутация, Документирование;40;80
T0256;Настройка: коммутатор агрегации;Коммутация;3;Коммутация, Пусконаладка, Документирование;70;120
T0257;Замена: коммутатор агрегации;Коммутация;1;Коммутация;20;45
T0258;Диагностика: коммутатор агрегации;Коммутация;2;Коммутация, Диагностика;40;80
T0259;Обновление ПО: коммутатор агрегации;Коммутация;3;Коммутация, Пусконаладка, Документирование;70;120
T0260;Маркировка: коммутатор агрегации;Коммутация;1;Коммутация;20;45
T0261;Настройка: оптический модуль;Коммутация;2;Коммутация, Пусконаладка;40;80
T0262;Замена: оптический модуль;Коммутация;3;Коммутация, Монтаж, Документирование;70;120
T0263;Диагностика: оптический модуль;Коммутация;1;Коммутация;20;45
T0264;Обновление ПО: оптический модуль;Коммутация;2;Коммутация, Пусконаладка;40;80
T0265;Маркировка: оптический модуль;Коммутация;2;Коммутация, Документирование;40;80
T0266;Настройка: порт транка;Коммутация;1;Коммутация;20;45
T0267;Замена: порт транка;Коммутация;2;Коммутация, Монтаж;40;80
T0268;Диагностика: порт транка;Коммутация;3;Коммутация, Диагностика, Документирование;70;120
T0269;Обновление ПО: порт транка;Коммутация;1;Коммутация;20;45
T0270;Маркировка: порт транка;Коммутация;2;Коммутация, Документирование;40;80
T0271;Настройка: стековый кабель;Коммутация;3;Коммутация, Пусконаладка, Документирование;70;120
T0272;Замена: стековый кабель;Коммутация;1;Коммутация;20;45
T0273;Диагностика: стековый кабель;Коммутация;2;Коммутация, Диагностика;40;80
T0274;Обновление ПО: стековый кабель;Коммутация;3;Коммутация, Пусконаладка, Документирование;70;120
T0275;Маркировка: стековый кабель;Коммутация;1;Коммутация;20;45
T0276;Установка телефона на рабочем месте;VoIP и АТС;1;Телефония;20;45
T0277;Настройка транка на АТС;VoIP и АТС;2;Телефония, Пусконаладка;40;80
T0278;Устранение односторонней слышимости;VoIP и АТС;2;Телефония, Диагностика;40;80
T0279;Программирование голосового меню;VoIP и АТС;2;Телефония, Пусконаладка;40;80
T0280;Подключение: IP-телефон;VoIP и АТС;1;Телефония;20;45
T0281;Настройка: IP-телефон;VoIP и АТС;2;Телефония, Пусконаладка;40;80
T0282;Прошивка: IP-телефон;VoIP и АТС;3;Телефония, Пусконаладка, Документирование;70;120
T0283;Диагностика: IP-телефон;VoIP и АТС;1;Телефония;20;45
T0284;Замена: IP-телефон;VoIP и АТС;2;Телефония, Монтаж;40;80
T0285;Подключение: офисная АТС;VoIP и АТС;3;Телефония, Монтаж, Документирование;70;120
T0286;Настройка: офисная АТС;VoIP и АТС;1;Телефония;20;45
T0287;Прошивка: офисная АТС;VoIP и АТС;2;Телефония, Пусконаладка;40;80
T0288;Диагностика: офисная АТС;VoIP и АТС;3;Телефония, Диагностика, Документирование;70;120
T0289;Замена: офисная АТС;VoIP и АТС;1;Телефония;20;45
T0290;Подключение: шлюз аналоговых линий;VoIP и АТС;2;Телефония, Монтаж;40;80
T0291;Настройка: шлюз аналоговых линий;VoIP и АТС;3;Телефония, Пусконаладка, Документирование;70;120
T0292;Прошивка: шлюз аналоговых линий;VoIP и АТС;1;Телефония;20;45
T0293;Диагностика: шлюз аналоговых линий;VoIP и АТС;2;Телефония, Диагностика;40;80
T0294;Замена: шлюз аналоговых линий;VoIP и АТС;3;Телефония, Монтаж, Документирование;70;120
T0295;Подключение: транк к оператору;VoIP и АТС;1;Телефония;20;45
T0296;Настройка: транк к оператору;VoIP и АТС;2;Телефония, Пусконаладка;40;80
T0297;Прошивка: транк к оператору;VoIP и АТС;3;Телефония, Пусконаладка, Документирование;70;120
T0298;Диагностика: транк к оператору;VoIP и АТС;1;Телефония;20;45
T0299;Замена: транк к оператору;VoIP и АТС;2;Телефония, Монтаж;40;80
T0300;Подключение: гарнитура оператора;VoIP и АТС;3;Телефония, Монтаж, Документирование;70;120
T0301;Настройка: гарнитура оператора;VoIP и АТС;1;Телефония;20;45
T0302;Прошивка: гарнитура оператора;VoIP и АТС;2;Телефония, Пусконаладка;40;80
T0303;Диагностика: гарнитура оператора;VoIP и АТС;3;Телефония, Диагностика, Документирование;70;120
T0304;Замена: гарнитура оператора;VoIP и АТС;1;Телефония;20;45
T0305;Установка уличной камеры;Видеонаблюдение;3;Видеонаблюдение, Монтаж, Работа на высоте;70;120
T0306;Подключение камеры к регистратору;Видеонаблюдение;2;Видеонаблюдение, Пусконаладка;40;80
T0307;Прокладка линии к камере;Видеонаблюдение;2;Видеонаблюдение, Монтаж;40;80
T0308;Настройка архива записи;Видеонаблюдение;2;Видеонаблюдение, Пусконаладка;40;80
T0309;Монтаж: IP-камера купольная;Видеонаблюдение;1;Видеонаблюдение;20;45
T0310;Настройка: IP-камера купольная;Видеонаблюдение;2;Видеонаблюдение, Пусконаладка;40;80
T0311;Юстировка: IP-камера купольная;Видеонаблюдение;3;Видеонаблюдение, Измерения, Документирование;70;120
T0312;Замена: IP-камера купольная;Видеонаблюдение;1;Видеонаблюдение;20;45
T0313;Герметизация: IP-камера купольная;Видеонаблюдение;2;Видеонаблюдение, Монтаж;40;80
T0314;Монтаж: IP-камера уличная;Видеонаблюдение;3;Видеонаблюдение, Монтаж, Работа на высоте;70;120
T0315;Настройка: IP-камера уличная;Видеонаблюдение;1;Видеонаблюдение;20;45
T0316;Юстировка: IP-камера уличная;Видеонаблюдение;2;Видеонаблюдение, Измерения;40;80
T0317;Замена: IP-камера уличная;Видеонаблюдение;3;Видеонаблюдение, Монтаж, Работа на высоте;70;120
T0318;Герметизация: IP-камера уличная;Видеонаблюдение;1;Видеонаблюдение;20;45
T0319;Монтаж: видеорегистратор;Видеонаблюдение;2;Видеонаблюдение, Монтаж;40;80
T0320;Настройка: видеорегистратор;Видеонаблюдение;3;Видеонаблюдение, Пусконаладка, Документирование;70;120
T0321;Юстировка: видеорегистратор;Видеонаблюдение;1;Видеонаблюдение;20;45
T0322;Замена: видеорегистратор;Видеонаблюдение;2;Видеонаблюдение, Монтаж;40;80
T0323;Герметизация: видеорегистратор;Видеонаблюдение;3;Видеонаблюдение, Монтаж, Документирование;70;120
T0324;Монтаж: кронштейн камеры;Видеонаблюдение;1;Видеонаблюдение;20;45
T0325;Настройка: кронштейн камеры;Видеонаблюдение;2;Видеонаблюдение, Пусконаладка;40;80
T0326;Юстировка: кронштейн камеры;Видеонаблюдение;3;Видеонаблюдение, Измерения, Документирование;70;120
T0327;Замена: кронштейн камеры;Видеонаблюдение;1;Видеонаблюдение;20;45
T0328;Герметизация: кронштейн камеры;Видеонаблюдение;2;Видеонаблюдение, Монтаж;40;80
T0329;Монтаж: коммутатор камер;Видеонаблюдение;3;Видеонаблюдение, Монтаж, Документирование;70;120
T0330;Настройка: коммутатор камер;Видеонаблюдение;1;Видеонаблюдение;20;45
T0331;Юстировка: коммутатор камер;Видеонаблюдение;2;Видеонаблюдение, Измерения;40;80
T0332;Замена: коммутатор камер;Видеонаблюдение;3;Видеонаблюдение, Монтаж, Документирование;70;120
T0333;Герметизация: коммутатор камер;Видеонаблюдение;1;Видеонаблюдение;20;45
T0334;Установка считывателя на дверь;СКУД и домофония;2;СКУД, Монтаж;40;80
T0335;Настройка контроллера доступа;СКУД и домофония;2;СКУД, Пусконаладка;40;80
T0336;Замена вызывной панели;СКУД и домофония;2;СКУД, Монтаж;40;80
T0337;Программирование ключей доступа;СКУД и домофония;1;СКУД;20;45
T0338;Монтаж: считыватель карт;СКУД и домофония;1;СКУД;20;45
T0339;Подключение: считыватель карт;СКУД и домофония;2;СКУД, Монтаж;40;80
T0340;Программирование: считыватель карт;СКУД и домофония;3;СКУД, Пусконаладка, Документирование;70;120
T0341;Диагностика: считыватель карт;СКУД и домофония;1;СКУД;20;45
T0342;Замена: считыватель карт;СКУД и домофония;2;СКУД, Монтаж;40;80
T0343;Монтаж: электромагнитный замок;СКУД и домофония;3;СКУД, Монтаж, Документирование;70;120
T0344;Подключение: электромагнитный замок;СКУД и домофония;1;СКУД;20;45
T0345;Программирование: электромагнитный замок;СКУД и домофония;2;СКУД, Пусконаладка;40;80
T0346;Диагностика: электромагнитный замок;СКУД и домофония;3;СКУД, Диагностика, Документирование;70;120
T0347;Замена: электромагнитный замок;СКУД и домофония;1;СКУД;20;45
T0348;Монтаж: контроллер доступа;СКУД и домофония;2;СКУД, Монтаж;40;80
T0349;Подключение: контроллер доступа;СКУД и домофония;3;СКУД, Монтаж, Документирование;70;120
T0350;Программирование: контроллер доступа;СКУД и домофония;1;СКУД;20;45
T0351;Диагностика: контроллер доступа;СКУД и домофония;2;СКУД, Диагностика;40;80
T0352;Замена: контроллер доступа;СКУД и домофония;3;СКУД, Монтаж, Документирование;70;120
T0353;Монтаж: вызывная панель;СКУД и домофония;1;СКУД;20;45
T0354;Подключение: вызывная панель;СКУД и домофония;2;СКУД, Монтаж;40;80
T0355;Программирование: вызывная панель;СКУД и домофония;3;СКУД, Пусконаладка, Документирование;70;120
T0356;Диагностика: вызывная панель;СКУД и домофония;1;СКУД;20;45
T0357;Замена: вызывная панель;СКУД и домофония;2;СКУД, Монтаж;40;80
T0358;Монтаж: трубка домофона;СКУД и домофония;3;СКУД, Монтаж, Документирование;70;120
T0359;Подключение: трубка домофона;СКУД и домофония;1;СКУД;20;45
T0360;Программирование: трубка домофона;СКУД и домофония;2;СКУД, Пусконаладка;40;80
T0361;Диагностика: трубка домофона;СКУД и домофония;3;СКУД, Диагностика, Документирование;70;120
T0362;Замена: трубка домофона;СКУД и домофония;1;СКУД;20;45
T0363;Монтаж: турникет;СКУД и домофония;2;СКУД, Монтаж;40;80
T0364;Подключение: турникет;СКУД и домофония;3;СКУД, Монтаж, Документирование;70;120
T0365;Программирование: турникет;СКУД и домофония;1;СКУД;20;45
T0366;Диагностика: турникет;СКУД и домофония;2;СКУД, Диагностика;40;80
T0367;Замена: турникет;СКУД и домофония;3;СКУД, Монтаж, Документирование;70;120
T0368;Юстировка антенны на мачте;Радио и базовые станции;3;Радиосвязь, Работа на высоте, Измерения;70;120
T0369;Монтаж радиомоста на кровле;Радио и базовые станции;2;Радиосвязь, Работа на высоте;40;80
T0370;Подключение фидера;Радио и базовые станции;2;Радиосвязь, Монтаж;40;80
T0371;Измерение тракта антенны;Радио и базовые станции;2;Радиосвязь, Измерения;40;80
T0372;Юстировка: секторная антенна;Радио и базовые станции;1;Радиосвязь;20;45
T0373;Монтаж: секторная антенна;Радио и базовые станции;2;Радиосвязь, Монтаж;40;80
T0374;Измерение: секторная антенна;Радио и базовые станции;3;Радиосвязь, Измерения, Работа на высоте;70;120
T0375;Герметизация: секторная антенна;Радио и базовые станции;1;Радиосвязь;20;45
T0376;Замена: секторная антенна;Радио и базовые станции;2;Радиосвязь, Монтаж;40;80
T0377;Юстировка: радиомост;Радио и базовые станции;3;Радиосвязь, Измерения, Документирование;70;120
T0378;Монтаж: радиомост;Радио и базовые станции;1;Радиосвязь;20;45
T0379;Измерение: радиомост;Радио и базовые станции;2;Радиосвязь, Измерения;40;80
T0380;Герметизация: радиомост;Радио и базовые станции;3;Радиосвязь, Монтаж, Документирование;70;120
T0381;Замена: радиомост;Радио и базовые станции;1;Радиосвязь;20;45
T0382;Юстировка: радиомодуль на мачте;Радио и базовые станции;2;Радиосвязь, Измерения;40;80
T0383;Монтаж: радиомодуль на мачте;Радио и базовые станции;3;Радиосвязь, Монтаж, Работа на высоте;70;120
T0384;Измерение: радиомодуль на мачте;Радио и базовые станции;1;Радиосвязь;20;45
T0385;Герметизация: радиомодуль на мачте;Радио и базовые станции;2;Радиосвязь, Монтаж;40;80
T0386;Замена: радиомодуль на мачте;Радио и базовые станции;3;Радиосвязь, Монтаж, Работа на высоте;70;120
T0387;Юстировка: фидер на кровле;Радио и базовые станции;1;Радиосвязь;20;45
T0388;Монтаж: фидер на кровле;Радио и базовые станции;2;Радиосвязь, Монтаж;40;80
T0389;Измерение: фидер на кровле;Радио и базовые станции;3;Радиосвязь, Измерения, Работа на высоте;70;120
T0390;Герметизация: фидер на кровле;Радио и базовые станции;1;Радиосвязь;20;45
T0391;Замена: фидер на кровле;Радио и базовые станции;2;Радиосвязь, Монтаж;40;80
T0392;Юстировка: мачта на кровле;Радио и базовые станции;3;Радиосвязь, Измерения, Работа на высоте;70;120
T0393;Монтаж: мачта на кровле;Радио и базовые станции;1;Радиосвязь;20;45
T0394;Измерение: мачта на кровле;Радио и базовые станции;2;Радиосвязь, Измерения;40;80
T0395;Герметизация: мачта на кровле;Радио и базовые станции;3;Радиосвязь, Монтаж, Работа на высоте;70;120
T0396;Замена: мачта на кровле;Радио и базовые станции;1;Радиосвязь;20;45
T0397;Замена аккумуляторов ИБП;ИБП и питание площадки;1;Питание площадки;20;45
T0398;Подключение стойки к ИБП;ИБП и питание площадки;2;Питание площадки, Электромонтаж;40;80
T0399;Настройка АВР площадки;ИБП и питание площадки;2;Питание площадки, Электробезопасность;40;80
T0400;Диагностика пропадания питания;ИБП и питание площадки;2;Питание площадки, Диагностика;40;80
T0401;Подключение: ИБП стойки;ИБП и питание площадки;1;Питание площадки;20;45
T0402;Замена: ИБП стойки;ИБП и питание площадки;2;Питание площадки, Монтаж;40;80
T0403;Настройка: ИБП стойки;ИБП и питание площадки;3;Питание площадки, Пусконаладка, Электробезопасность;70;120
T0404;Диагностика: ИБП стойки;ИБП и питание площадки;1;Питание площадки;20;45
T0405;Измерение: ИБП стойки;ИБП и питание площадки;2;Питание площадки, Измерения;40;80
T0406;Подключение: аккумуляторы ИБП;ИБП и питание площадки;3;Питание площадки, Монтаж, Электробезопасность;70;120
T0407;Замена: аккумуляторы ИБП;ИБП и питание площадки;1;Питание площадки;20;45
T0408;Настройка: аккумуляторы ИБП;ИБП и питание площадки;2;Питание площадки, Пусконаладка;40;80
T0409;Диагностика: аккумуляторы ИБП;ИБП и питание площадки;3;Питание площадки, Диагностика, Электробезопасность;70;120
T0410;Измерение: аккумуляторы ИБП;ИБП и питание площадки;1;Питание площадки;20;45
T0411;Подключение: щит питания стойки;ИБП и питание площадки;2;Питание площадки, Монтаж;40;80
T0412;Замена: щит питания стойки;ИБП и питание площадки;3;Питание площадки, Монтаж, Электробезопасность;70;120
T0413;Настройка: щит питания стойки;ИБП и питание площадки;1;Питание площадки;20;45
T0414;Диагностика: щит питания стойки;ИБП и питание площадки;2;Питание площадки, Диагностика;40;80
T0415;Измерение: щит питания стойки;ИБП и питание площадки;3;Питание площадки, Измерения, Электробезопасность;70;120
T0416;Подключение: щит АВР;ИБП и питание площадки;1;Питание площадки;20;45
T0417;Замена: щит АВР;ИБП и питание площадки;2;Питание площадки, Монтаж;40;80
T0418;Настройка: щит АВР;ИБП и питание площадки;3;Питание площадки, Пусконаладка, Электробезопасность;70;120
T0419;Диагностика: щит АВР;ИБП и питание площадки;1;Питание площадки;20;45
T0420;Измерение: щит АВР;ИБП и питание площадки;2;Питание площадки, Измерения;40;80
T0421;Подключение: дизельная установка;ИБП и питание площадки;3;Питание площадки, Монтаж, Документирование;70;120
T0422;Замена: дизельная установка;ИБП и питание площадки;1;Питание площадки;20;45
T0423;Настройка: дизельная установка;ИБП и питание площадки;2;Питание площадки, Пусконаладка;40;80
T0424;Диагностика: дизельная установка;ИБП и питание площадки;3;Питание площадки, Диагностика, Документирование;70;120
T0425;Измерение: дизельная установка;ИБП и питание площадки;1;Питание площадки;20;45
T0426;Установка роутера у клиента;Клиентское оборудование;1;Абонентское оборудование;20;45
T0427;Настройка интернета и Wi-Fi у клиента;Клиентское оборудование;2;Абонентское оборудование, Wi-Fi;40;80
T0428;Подключение IPTV;Клиентское оборудование;1;Абонентское оборудование;20;45
T0429;Диагностика «нет интернета»;Клиентское оборудование;2;Абонентское оборудование, Диагностика;40;80
T0430;Установка: абонентский роутер;Клиентское оборудование;1;Абонентское оборудование;20;45
T0431;Настройка: абонентский роутер;Клиентское оборудование;2;Абонентское оборудование, Пусконаладка;40;80
T0432;Замена: абонентский роутер;Клиентское оборудование;3;Абонентское оборудование, Монтаж, Документирование;70;120
T0433;Обновление ПО: абонентский роутер;Клиентское оборудование;1;Абонентское оборудование;20;45
T0434;Диагностика: абонентский роутер;Клиентское оборудование;2;Абонентское оборудование, Диагностика;40;80
T0435;Установка: абонентский терминал;Клиентское оборудование;3;Абонентское оборудование, Монтаж, Документирование;70;120
T0436;Настройка: абонентский терминал;Клиентское оборудование;1;Абонентское оборудование;20;45
T0437;Обновление ПО: абонентский терминал;Клиентское оборудование;3;Абонентское оборудование, Пусконаладка, Документирование;70;120
T0438;Диагностика: абонентский терминал;Клиентское оборудование;1;Абонентское оборудование;20;45
T0439;Установка: IPTV-приставка;Клиентское оборудование;2;Абонентское оборудование, Монтаж;40;80
T0440;Настройка: IPTV-приставка;Клиентское оборудование;3;Абонентское оборудование, Пусконаладка, Документирование;70;120
T0441;Замена: IPTV-приставка;Клиентское оборудование;1;Абонентское оборудование;20;45
T0442;Обновление ПО: IPTV-приставка;Клиентское оборудование;2;Абонентское оборудование, Пусконаладка;40;80
T0443;Диагностика: IPTV-приставка;Клиентское оборудование;3;Абонентское оборудование, Диагностика, Документирование;70;120
T0444;Установка: блок питания роутера;Клиентское оборудование;1;Абонентское оборудование;20;45
T0445;Настройка: блок питания роутера;Клиентское оборудование;2;Абонентское оборудование, Пусконаладка;40;80
T0446;Замена: блок питания роутера;Клиентское оборудование;3;Абонентское оборудование, Монтаж, Электробезопасность;70;120
T0447;Обновление ПО: блок питания роутера;Клиентское оборудование;1;Абонентское оборудование;20;45
T0448;Диагностика: блок питания роутера;Клиентское оборудование;2;Абонентское оборудование, Диагностика;40;80
T0449;Установка: коммутатор у клиента;Клиентское оборудование;3;Абонентское оборудование, Монтаж, Документирование;70;120
T0450;Настройка: коммутатор у клиента;Клиентское оборудование;1;Абонентское оборудование;20;45
T0451;Замена: коммутатор у клиента;Клиентское оборудование;2;Абонентское оборудование, Монтаж;40;80
T0452;Обновление ПО: коммутатор у клиента;Клиентское оборудование;3;Абонентское оборудование, Пусконаладка, Документирование;70;120
T0453;Диагностика: коммутатор у клиента;Клиентское оборудование;1;Абонентское оборудование;20;45
T0454;Снятие рефлектограммы линии;Измерения;2;Измерения, Оптика;40;80
T0455;Замер заземления шкафа;Измерения;2;Измерения, Заземление;40;80
T0456;Сертификация портов СКС;Измерения;3;Измерения, СКС, Документирование;70;120
T0457;Замер уровня сигнала у клиента;Измерения;2;Измерения, Оптика;40;80
T0458;Измерение: оптическая линия;Измерения;1;Измерения;20;45
T0459;Калибровка: оптическая линия;Измерения;2;Измерения, Документирование;40;80
T0460;Протоколирование: оптическая линия;Измерения;2;Измерения, Документирование;40;80
T0461;Поверка: оптическая линия;Измерения;1;Измерения;20;45
T0462;Измерение: контур заземления шкафа;Измерения;2;Измерения, Документирование;40;80
T0463;Калибровка: контур заземления шкафа;Измерения;3;Измерения, Документирование, Согласование с заказчиком;70;120
T0464;Протоколирование: контур заземления шкафа;Измерения;1;Измерения;20;45
T0465;Поверка: контур заземления шкафа;Измерения;2;Измерения, Документирование;40;80
T0466;Измерение: порты СКС;Измерения;3;Измерения, Документирование, Согласование с заказчиком;70;120
T0467;Калибровка: порты СКС;Измерения;1;Измерения;20;45
T0468;Протоколирование: порты СКС;Измерения;2;Измерения, Документирование;40;80
T0469;Поверка: порты СКС;Измерения;3;Измерения, Документирование, Согласование с заказчиком;70;120
T0470;Калибровка: абонентский терминал;Измерения;2;Измерения, Документирование;40;80
T0471;Протоколирование: абонентский терминал;Измерения;2;Измерения, Документирование;40;80
T0472;Поверка: абонентский терминал;Измерения;1;Измерения;20;45
T0473;Измерение: канал связи;Измерения;2;Измерения, Документирование;40;80
T0474;Калибровка: канал связи;Измерения;3;Измерения, Документирование, Согласование с заказчиком;70;120
T0475;Протоколирование: канал связи;Измерения;1;Измерения;20;45
T0476;Поверка: канал связи;Измерения;2;Измерения, Документирование;40;80
T0477;Протяжка кабеля через колодец;Кабельная канализация;2;Кабельная канализация, Работа в колодце;40;80
T0478;Ввод кабеля в здание;Кабельная канализация;2;Кабельная канализация, Монтаж;40;80
T0479;Крепление стояка в подъезде;Кабельная канализация;1;Кабельная канализация;20;45
T0480;Укладка кабеля в лоток;Кабельная канализация;2;Кабельная канализация, Монтаж;40;80
T0481;Протяжка: колодец связи;Кабельная канализация;1;Кабельная канализация;20;45
T0482;Укладка: колодец связи;Кабельная канализация;2;Кабельная канализация, Монтаж;40;80
T0483;Герметизация ввода: колодец связи;Кабельная канализация;3;Кабельная канализация, Монтаж, Работа в колодце;70;120
T0484;Крепление: колодец связи;Кабельная канализация;1;Кабельная канализация;20;45
T0485;Продувка: колодец связи;Кабельная канализация;2;Кабельная канализация, Монтаж;40;80
T0486;Протяжка: канал кабельной канализации;Кабельная канализация;3;Кабельная канализация, Монтаж, Документирование;70;120
T0487;Укладка: канал кабельной канализации;Кабельная канализация;1;Кабельная канализация;20;45
T0488;Герметизация ввода: канал кабельной канализации;Кабельная канализация;2;Кабельная канализация, Монтаж;40;80
T0489;Крепление: канал кабельной канализации;Кабельная канализация;3;Кабельная канализация, Монтаж, Документирование;70;120
T0490;Продувка: канал кабельной канализации;Кабельная канализация;1;Кабельная канализация;20;45
T0491;Протяжка: ввод в здание;Кабельная канализация;2;Кабельная канализация, Монтаж;40;80
T0492;Укладка: ввод в здание;Кабельная канализация;3;Кабельная канализация, Монтаж, Документирование;70;120
T0493;Герметизация ввода: ввод в здание;Кабельная канализация;1;Кабельная канализация;20;45
T0494;Крепление: ввод в здание;Кабельная канализация;2;Кабельная канализация, Монтаж;40;80
T0495;Продувка: ввод в здание;Кабельная канализация;3;Кабельная канализация, Монтаж, Документирование;70;120
T0496;Протяжка: стояк в подъезде;Кабельная канализация;1;Кабельная канализация;20;45
T0497;Укладка: стояк в подъезде;Кабельная канализация;2;Кабельная канализация, Монтаж;40;80
T0498;Герметизация ввода: стояк в подъезде;Кабельная канализация;3;Кабельная канализация, Монтаж, Документирование;70;120
T0499;Крепление: стояк в подъезде;Кабельная канализация;1;Кабельная канализация;20;45
T0500;Продувка: стояк в подъезде;Кабельная канализация;2;Кабельная канализация, Монтаж;40;80
T0501;Протяжка: лоток на стене;Кабельная канализация;3;Кабельная канализация, Монтаж, Документирование;70;120
T0502;Укладка: лоток на стене;Кабельная канализация;1;Кабельная канализация;20;45
T0503;Герметизация ввода: лоток на стене;Кабельная канализация;2;Кабельная канализация, Монтаж;40;80
T0504;Крепление: лоток на стене;Кабельная канализация;3;Кабельная канализация, Монтаж, Документирование;70;120
T0505;Продувка: лоток на стене;Кабельная канализация;1;Кабельная канализация;20;45
T0506;Установка сервера в стойку;ЦОД и стойки;2;Оборудование стоек, Питание площадки;40;80
T0507;Организация кабелей стойки;ЦОД и стойки;2;Оборудование стоек, Документирование;40;80
T0508;Заземление новой стойки;ЦОД и стойки;2;Оборудование стоек, Заземление;40;80
T0509;Демонтаж оборудования из стойки;ЦОД и стойки;2;Оборудование стоек, Демонтаж;40;80
T0510;Монтаж: стойка в серверной;ЦОД и стойки;1;Оборудование стоек;20;45
T0511;Демонтаж: стойка в серверной;ЦОД и стойки;2;Оборудование стоек, Демонтаж;40;80
T0512;Подключение питания: стойка в серверной;ЦОД и стойки;3;Оборудование стоек, Монтаж, Документирование;70;120
T0513;Маркировка: стойка в серверной;ЦОД и стойки;1;Оборудование стоек;20;45
T0514;Организация кабеля: стойка в серверной;ЦОД и стойки;2;Оборудование стоек, Монтаж;40;80
T0515;Монтаж: сервер в стойке;ЦОД и стойки;3;Оборудование стоек, Монтаж, Документирование;70;120
T0516;Демонтаж: сервер в стойке;ЦОД и стойки;1;Оборудование стоек;20;45
T0517;Подключение питания: сервер в стойке;ЦОД и стойки;2;Оборудование стоек, Монтаж;40;80
T0518;Маркировка: сервер в стойке;ЦОД и стойки;2;Оборудование стоек, Документирование;40;80
T0519;Организация кабеля: сервер в стойке;ЦОД и стойки;1;Оборудование стоек;20;45
T0520;Монтаж: кросс в стойке;ЦОД и стойки;2;Оборудование стоек, Монтаж;40;80
T0521;Демонтаж: кросс в стойке;ЦОД и стойки;3;Оборудование стоек, Демонтаж, Документирование;70;120
T0522;Подключение питания: кросс в стойке;ЦОД и стойки;1;Оборудование стоек;20;45
T0523;Маркировка: кросс в стойке;ЦОД и стойки;2;Оборудование стоек, Документирование;40;80
T0524;Организация кабеля: кросс в стойке;ЦОД и стойки;3;Оборудование стоек, Монтаж, Документирование;70;120
T0525;Монтаж: блок розеток стойки;ЦОД и стойки;1;Оборудование стоек;20;45
T0526;Демонтаж: блок розеток стойки;ЦОД и стойки;2;Оборудование стоек, Демонтаж;40;80
T0527;Подключение питания: блок розеток стойки;ЦОД и стойки;3;Оборудование стоек, Монтаж, Документирование;70;120
T0528;Маркировка: блок розеток стойки;ЦОД и стойки;1;Оборудование стоек;20;45
T0529;Организация кабеля: блок розеток стойки;ЦОД и стойки;2;Оборудование стоек, Монтаж;40;80
T0530;Монтаж: кабель-менеджмент;ЦОД и стойки;3;Оборудование стоек, Монтаж, Документирование;70;120
T0531;Демонтаж: кабель-менеджмент;ЦОД и стойки;1;Оборудование стоек;20;45
T0532;Подключение питания: кабель-менеджмент;ЦОД и стойки;2;Оборудование стоек, Монтаж;40;80
T0533;Маркировка: кабель-менеджмент;ЦОД и стойки;2;Оборудование стоек, Документирование;40;80
T0534;Организация кабеля: кабель-менеджмент;ЦОД и стойки;1;Оборудование стоек;20;45
T0535;Аварийная сварка после обрыва;Аварии и восстановление;3;Аварийные работы, Оптика, Работа в колодце;70;120
T0536;Срочная замена терминала у клиента;Аварии и восстановление;2;Аварийные работы, Абонентское оборудование;40;80
T0537;Переключение на резервный канал;Аварии и восстановление;2;Аварийные работы, Маршрутизация;40;80
T0538;Выезд по массовому отключению;Аварии и восстановление;2;Аварийные работы, Диагностика;40;80
T0539;Локализация: обрыв магистрали;Аварии и восстановление;1;Аварийные работы;20;45
T0540;Аварийное восстановление: обрыв магистрали;Аварии и восстановление;2;Аварийные работы, Документирование;40;80
T0541;Переключение: обрыв магистрали;Аварии и восстановление;3;Аварийные работы, Документирование, Согласование с заказчиком;70;120
T0542;Временная схема: обрыв магистрали;Аварии и восстановление;1;Аварийные работы;20;45
T0543;Локализация: авария на станции;Аварии и восстановление;2;Аварийные работы, Диагностика;40;80
T0544;Аварийное восстановление: авария на станции;Аварии и восстановление;3;Аварийные работы, Документирование, Согласование с заказчиком;70;120
T0545;Переключение: авария на станции;Аварии и восстановление;1;Аварийные работы;20;45
T0546;Временная схема: авария на станции;Аварии и восстановление;2;Аварийные работы, Документирование;40;80
T0547;Локализация: повреждение в колодце;Аварии и восстановление;3;Аварийные работы, Диагностика, Работа в колодце;70;120
T0548;Аварийное восстановление: повреждение в колодце;Аварии и восстановление;1;Аварийные работы;20;45
T0549;Переключение: повреждение в колодце;Аварии и восстановление;2;Аварийные работы, Работа в колодце;40;80
T0550;Временная схема: повреждение в колодце;Аварии и восстановление;3;Аварийные работы, Работа в колодце, Документирование;70;120
T0551;Локализация: сгоревший абонентский терминал;Аварии и восстановление;1;Аварийные работы;20;45
T0552;Аварийное восстановление: сгоревший абонентский терминал;Аварии и восстановление;2;Аварийные работы, Документирование;40;80
T0553;Переключение: сгоревший абонентский терминал;Аварии и восстановление;3;Аварийные работы, Документирование, Согласование с заказчиком;70;120
T0554;Временная схема: сгоревший абонентский терминал;Аварии и восстановление;1;Аварийные работы;20;45
T0555;Локализация: отказ коммутатора доступа;Аварии и восстановление;2;Аварийные работы, Диагностика;40;80
T0556;Аварийное восстановление: отказ коммутатора доступа;Аварии и восстановление;3;Аварийные работы, Документирование, Согласование с заказчиком;70;120
T0557;Переключение: отказ коммутатора доступа;Аварии и восстановление;1;Аварийные работы;20;45
T0558;Временная схема: отказ коммутатора доступа;Аварии и восстановление;2;Аварийные работы, Документирование;40;80
T0559;Монтаж контура заземления шкафа;Заземление и молниезащита;2;Заземление, Электромонтаж;40;80
T0560;Замер сопротивления заземления;Заземление и молниезащита;2;Заземление, Измерения;40;80
T0561;Ревизия заземляющей шины;Заземление и молниезащита;1;Заземление;20;45
T0562;Подключение защитного проводника к щиту;Заземление и молниезащита;2;Заземление, Электробезопасность;40;80
T0563;Монтаж: контур заземления;Заземление и молниезащита;1;Заземление;20;45
T0564;Измерение: контур заземления;Заземление и молниезащита;2;Заземление, Измерения;40;80
T0565;Ревизия: контур заземления;Заземление и молниезащита;3;Заземление, Монтаж, Документирование;70;120
T0566;Подключение: контур заземления;Заземление и молниезащита;1;Заземление;20;45
T0567;Монтаж: главная заземляющая шина;Заземление и молниезащита;2;Заземление, Монтаж;40;80
T0568;Измерение: главная заземляющая шина;Заземление и молниезащита;3;Заземление, Измерения, Документирование;70;120
T0569;Ревизия: главная заземляющая шина;Заземление и молниезащита;1;Заземление;20;45
T0570;Подключение: главная заземляющая шина;Заземление и молниезащита;2;Заземление, Монтаж;40;80
T0571;Монтаж: полоса заземления;Заземление и молниезащита;3;Заземление, Монтаж, Документирование;70;120
T0572;Измерение: полоса заземления;Заземление и молниезащита;1;Заземление;20;45
T0573;Ревизия: полоса заземления;Заземление и молниезащита;2;Заземление, Монтаж;40;80
T0574;Подключение: полоса заземления;Заземление и молниезащита;3;Заземление, Монтаж, Документирование;70;120
T0575;Монтаж: молниеприёмник;Заземление и молниезащита;1;Заземление;20;45
T0576;Измерение: молниеприёмник;Заземление и молниезащита;2;Заземление, Измерения;40;80
T0577;Ревизия: молниеприёмник;Заземление и молниезащита;3;Заземление, Монтаж, Документирование;70;120
T0578;Подключение: молниеприёмник;Заземление и молниезащита;1;Заземление;20;45
T0579;Монтаж: проводник защитного заземления;Заземление и молниезащита;2;Заземление, Монтаж;40;80
T0580;Измерение: проводник защитного заземления;Заземление и молниезащита;3;Заземление, Измерения, Электробезопасность;70;120
T0581;Ревизия: проводник защитного заземления;Заземление и молниезащита;1;Заземление;20;45
T0582;Подключение: проводник защитного заземления;Заземление и молниезащита;2;Заземление, Монтаж;40;80
T0583;Чистка кондиционера серверной;Кондиционирование серверных;1;Охлаждение;20;45
T0584;Диагностика перегрева стойки;Кондиционирование серверных;2;Охлаждение, Диагностика;40;80
T0585;Настройка температуры в серверной;Кондиционирование серверных;2;Охлаждение, Пусконаладка;40;80
T0586;Обслуживание: кондиционер серверной;Кондиционирование серверных;1;Охлаждение;20;45
T0587;Чистка: кондиционер серверной;Кондиционирование серверных;2;Охлаждение, Монтаж;40;80
T0588;Диагностика: кондиционер серверной;Кондиционирование серверных;3;Охлаждение, Диагностика, Документирование;70;120
T0589;Настройка уставки: кондиционер серверной;Кондиционирование серверных;1;Охлаждение;20;45
T0590;Обслуживание: фильтр внутреннего блока;Кондиционирование серверных;2;Охлаждение, Монтаж;40;80
T0591;Чистка: фильтр внутреннего блока;Кондиционирование серверных;3;Охлаждение, Монтаж, Документирование;70;120
T0592;Диагностика: фильтр внутреннего блока;Кондиционирование серверных;1;Охлаждение;20;45
T0593;Настройка уставки: фильтр внутреннего блока;Кондиционирование серверных;2;Охлаждение, Пусконаладка;40;80
T0594;Обслуживание: дренаж кондиционера;Кондиционирование серверных;3;Охлаждение, Монтаж, Документирование;70;120
T0595;Чистка: дренаж кондиционера;Кондиционирование серверных;1;Охлаждение;20;45
T0596;Диагностика: дренаж кондиционера;Кондиционирование серверных;2;Охлаждение, Диагностика;40;80
T0597;Настройка уставки: дренаж кондиционера;Кондиционирование серверных;3;Охлаждение, Пусконаладка, Документирование;70;120
T0598;Обслуживание: резервный кондиционер;Кондиционирование серверных;1;Охлаждение;20;45
T0599;Чистка: резервный кондиционер;Кондиционирование серверных;2;Охлаждение, Монтаж;40;80
T0600;Диагностика: резервный кондиционер;Кондиционирование серверных;3;Охлаждение, Диагностика, Документирование;70;120
T0601;Настройка уставки: резервный кондиционер;Кондиционирование серверных;1;Охлаждение;20;45
T0602;Сдача работ заказчику;Документация и сдача;2;Документирование, Согласование с заказчиком;40;80
T0603;Обновление схемы кросса;Документация и сдача;1;Документирование;20;45
T0604;Паспортизация линии;Документация и сдача;2;Документирование, Измерения;40;80
T0605;Оформление: акт выполненных работ;Документация и сдача;1;Документирование;20;45
T0606;Обновление: акт выполненных работ;Документация и сдача;2;Документирование, Пусконаладка;40;80
T0607;Сдача: акт выполненных работ;Документация и сдача;2;Документирование, Согласование с заказчиком;40;80
T0608;Фотофиксация: акт выполненных работ;Документация и сдача;1;Документирование;20;45
T0609;Оформление: исполнительная схема;Документация и сдача;1;Документирование;20;45
T0610;Обновление: исполнительная схема;Документация и сдача;2;Документирование, Пусконаладка;40;80
T0611;Сдача: исполнительная схема;Документация и сдача;1;Документирование;20;45
T0612;Фотофиксация: исполнительная схема;Документация и сдача;1;Документирование;20;45
T0613;Оформление: паспорт линии;Документация и сдача;2;Документирование, Согласование с заказчиком;40;80
T0614;Обновление: паспорт линии;Документация и сдача;1;Документирование;20;45
T0615;Сдача: паспорт линии;Документация и сдача;1;Документирование;20;45
T0616;Фотофиксация: паспорт линии;Документация и сдача;2;Документирование, Согласование с заказчиком;40;80
T0617;Оформление: схема кросса;Документация и сдача;1;Документирование;20;45
T0618;Обновление: схема кросса;Документация и сдача;2;Документирование, Пусконаладка;40;80
T0619;Сдача: схема кросса;Документация и сдача;2;Документирование, Согласование с заказчиком;40;80
T0620;Фотофиксация: схема кросса;Документация и сдача;1;Документирование;20;45
T0621;Установка дымовых извещателей;Пожарная сигнализация;2;Пожарная сигнализация, Монтаж;40;80
T0622;Настройка прибора сигнализации;Пожарная сигнализация;2;Пожарная сигнализация, Пусконаладка;40;80
T0623;Прокладка шлейфа пожарной сигнализации;Пожарная сигнализация;2;Пожарная сигнализация, Слаботочные системы;40;80
T0624;Монтаж: дымовой извещатель;Пожарная сигнализация;1;Пожарная сигнализация;20;45
T0625;Проверка: дымовой извещатель;Пожарная сигнализация;2;Пожарная сигнализация, Диагностика;40;80
T0626;Замена: дымовой извещатель;Пожарная сигнализация;3;Пожарная сигнализация, Монтаж, Документирование;70;120
T0627;Адресация: дымовой извещатель;Пожарная сигнализация;1;Пожарная сигнализация;20;45
T0628;Прокладка: дымовой извещатель;Пожарная сигнализация;2;Пожарная сигнализация, Монтаж;40;80
T0629;Монтаж: прибор сигнализации;Пожарная сигнализация;3;Пожарная сигнализация, Монтаж, Документирование;70;120
T0630;Проверка: прибор сигнализации;Пожарная сигнализация;1;Пожарная сигнализация;20;45
T0631;Замена: прибор сигнализации;Пожарная сигнализация;2;Пожарная сигнализация, Монтаж;40;80
T0632;Адресация: прибор сигнализации;Пожарная сигнализация;3;Пожарная сигнализация, Пусконаладка, Документирование;70;120
T0633;Прокладка: прибор сигнализации;Пожарная сигнализация;1;Пожарная сигнализация;20;45
T0634;Монтаж: табло «Выход»;Пожарная сигнализация;2;Пожарная сигнализация, Монтаж;40;80
T0635;Проверка: табло «Выход»;Пожарная сигнализация;3;Пожарная сигнализация, Диагностика, Документирование;70;120
T0636;Замена: табло «Выход»;Пожарная сигнализация;1;Пожарная сигнализация;20;45
T0637;Адресация: табло «Выход»;Пожарная сигнализация;2;Пожарная сигнализация, Пусконаладка;40;80
T0638;Прокладка: табло «Выход»;Пожарная сигнализация;3;Пожарная сигнализация, Монтаж, Документирование;70;120
T0639;Монтаж: оповещатель;Пожарная сигнализация;1;Пожарная сигнализация;20;45
T0640;Проверка: оповещатель;Пожарная сигнализация;2;Пожарная сигнализация, Диагностика;40;80
T0641;Замена: оповещатель;Пожарная сигнализация;3;Пожарная сигнализация, Монтаж, Документирование;70;120
T0642;Адресация: оповещатель;Пожарная сигнализация;1;Пожарная сигнализация;20;45
T0643;Прокладка: оповещатель;Пожарная сигнализация;2;Пожарная сигнализация, Монтаж;40;80
T0644;Монтаж: шлейф сигнализации;Пожарная сигнализация;3;Пожарная сигнализация, Монтаж, Документирование;70;120
T0645;Проверка: шлейф сигнализации;Пожарная сигнализация;1;Пожарная сигнализация;20;45
T0646;Замена: шлейф сигнализации;Пожарная сигнализация;2;Пожарная сигнализация, Монтаж;40;80
T0647;Адресация: шлейф сигнализации;Пожарная сигнализация;3;Пожарная сигнализация, Пусконаладка, Документирование;70;120
T0648;Прокладка: шлейф сигнализации;Пожарная сигнализация;1;Пожарная сигнализация;20;45
T0649;Монтаж аварийного освещения;Слаботочные системы;2;Слаботочные системы, Электромонтаж;40;80
T0650;Прокладка слаботочного кабеля;Слаботочные системы;2;Слаботочные системы, Монтаж;40;80
T0651;Монтаж: аварийный светильник;Слаботочные системы;1;Слаботочные системы;20;45
T0652;Подключение: аварийный светильник;Слаботочные системы;2;Слаботочные системы, Монтаж;40;80
T0653;Замена: аварийный светильник;Слаботочные системы;3;Слаботочные системы, Монтаж, Документирование;70;120
T0654;Прокладка: аварийный светильник;Слаботочные системы;1;Слаботочные системы;20;45
T0655;Настройка: аварийный светильник;Слаботочные системы;2;Слаботочные системы, Пусконаладка;40;80
T0656;Монтаж: блок питания 12 В;Слаботочные системы;3;Слаботочные системы, Монтаж, Электробезопасность;70;120
T0657;Подключение: блок питания 12 В;Слаботочные системы;1;Слаботочные системы;20;45
T0658;Замена: блок питания 12 В;Слаботочные системы;2;Слаботочные системы, Монтаж;40;80
T0659;Прокладка: блок питания 12 В;Слаботочные системы;3;Слаботочные системы, Монтаж, Электробезопасность;70;120
T0660;Настройка: блок питания 12 В;Слаботочные системы;1;Слаботочные системы;20;45
T0661;Монтаж: слаботочный кабель;Слаботочные системы;2;Слаботочные системы, Монтаж;40;80
T0662;Подключение: слаботочный кабель;Слаботочные системы;3;Слаботочные системы, Монтаж, Документирование;70;120
T0663;Замена: слаботочный кабель;Слаботочные системы;1;Слаботочные системы;20;45
T0664;Прокладка: слаботочный кабель;Слаботочные системы;2;Слаботочные системы, Монтаж;40;80
T0665;Настройка: слаботочный кабель;Слаботочные системы;3;Слаботочные системы, Пусконаладка, Документирование;70;120
T0666;Монтаж: геркон двери;Слаботочные системы;1;Слаботочные системы;20;45
T0667;Подключение: геркон двери;Слаботочные системы;2;Слаботочные системы, Монтаж;40;80
T0668;Замена: геркон двери;Слаботочные системы;3;Слаботочные системы, Монтаж, Документирование;70;120
T0669;Прокладка: геркон двери;Слаботочные системы;1;Слаботочные системы;20;45
T0670;Настройка: геркон двери;Слаботочные системы;2;Слаботочные системы, Пусконаладка;40;80
T0671;Монтаж: блок реле;Слаботочные системы;3;Слаботочные системы, Монтаж, Документирование;70;120
T0672;Подключение: блок реле;Слаботочные системы;1;Слаботочные системы;20;45
T0673;Замена: блок реле;Слаботочные системы;2;Слаботочные системы, Монтаж;40;80
T0674;Прокладка: блок реле;Слаботочные системы;3;Слаботочные системы, Монтаж, Документирование;70;120
T0675;Настройка: блок реле;Слаботочные системы;1;Слаботочные системы;20;45
